['ZODIAC PRO 470/1'],['+REMORQUE'],[''],['km'],['3000'],['https://www.car-encheres.fr/wp-content/uploads/2025/06/NI2082120901_1-300x226.jpg'],['https://www.car-encheres.fr/produit/remorque/'],['01/07/1991'],['ROUGE']
['Peugeot'],['206 1.4 75 XR PRESENCE'],['essence'],['144 345 km'],['600'],['https://www.car-encheres.fr/wp-content/uploads/woocommerce-placeholder.png'],['https://www.car-encheres.fr/produit/206-1-4-75-xr-presence/'],['11/01/2002'],['GRIS']
['Peugeot'],['206 1.4 75 PACK NAV 5P'],['essence'],['98 155 km'],['1000'],['https://www.car-encheres.fr/wp-content/uploads/woocommerce-placeholder.png'],['https://www.car-encheres.fr/produit/206-1-4-75-pack-nav-5p/'],['27/09/2006'],['GRIS CLAIR']
['Peugeot'],['207 CC 1.6 HDI 110 FELINE 2P'],['gazole'],['179 094 km'],['2200'],['https://www.car-encheres.fr/wp-content/uploads/2025/06/CW-553-BC_1-300x225.jpg'],['https://www.car-encheres.fr/produit/207-cc-1-6-hdi-110-feline-2p/'],['20/06/2013'],['Noir']
['Peugeot'],['207 1.4 VTI 95 ACTIVE5P'],[''],['138 730 km'],['600'],['https://www.car-encheres.fr/wp-content/uploads/2025/06/AC-920-NA_1-300x226.jpg'],['https://www.car-encheres.fr/produit/207-1-4-vti-95-active5p/'],,['BLEU CLAIR']
['Peugeot'],['206 1.9 D 70 5P'],['gazole'],['141 405 km'],['1000'],['https://www.car-encheres.fr/wp-content/uploads/2025/06/EK-194-WG_1-300x226.jpg'],['https://www.car-encheres.fr/produit/206-1-9-d-70-5p/'],['28/06/2001'],['VERT FONCE']
['Peugeot'],['207 1.4 75 ACTIVE 5P'],[''],['99 358 km'],['1400'],['https://www.car-encheres.fr/wp-content/uploads/woocommerce-placeholder.png'],['https://www.car-encheres.fr/produit/207-1-4-75-active-5p/'],,['Noir']
['Peugeot'],['208 1.6 E-HDI 92 ALLURE BA 5P'],['gazole'],['126 027 km'],['4400'],['https://www.car-encheres.fr/wp-content/uploads/2025/06/EK-405-QN_1-300x225.jpg'],['https://www.car-encheres.fr/produit/208-1-6-e-hdi-92-allure-ba-5p/'],['06/05/2013'],['GRIS CLAIR']
['Peugeot'],['207 1.6 HDI 16V 90 STYLE 5P'],['gazole'],['146 595 km'],['1800'],['https://www.car-encheres.fr/wp-content/uploads/woocommerce-placeholder.png'],['https://www.car-encheres.fr/produit/207-1-6-hdi-16v-90-style-5p/'],['28/12/2007'],['GRIS']
['Peugeot'],['3008 1.2 THP 130 ACTIVE BUSINESS BA 5P'],['essence'],['82 644 km'],['8200'],['https://www.car-encheres.fr/wp-content/uploads/2025/06/GD-903-JN_1-300x226.jpg'],['https://www.car-encheres.fr/produit/3008-1-2-thp-130-active-business-ba-5p/'],['06/12/2021'],['Noir']
['Peugeot'],['3008 1.2 THP 130 ALLURE'],['essence'],['34 157 km'],['6000'],['https://www.car-encheres.fr/wp-content/uploads/2025/06/GW-236-QY_1-300x226.jpg'],['https://www.car-encheres.fr/produit/3008-1-2-thp-130-allure/'],['29/03/2016'],['Blanc']
['Peugeot'],['207 1.6 VTI 120 PREMIUM 5P'],['essence'],['182 505 km'],['800'],['https://www.car-encheres.fr/wp-content/uploads/2025/06/BA-238-SL_1-300x226.jpg'],['https://www.car-encheres.fr/produit/207-1-6-vti-120-premium-5p/'],['28/09/2010'],['BLEU GRIS']
['Peugeot'],['3008 1.2 THP 130 ALLURE 5P'],['essence'],['137 325 km'],['7400'],['https://www.car-encheres.fr/wp-content/uploads/2025/06/FJ-902-VW_1-300x226.jpg'],['https://www.car-encheres.fr/produit/3008-1-2-thp-130-allure-5p/'],['30/08/2019'],['Noir']
['Peugeot'],['3008 1.2 THP130 GT LINE 5P'],['essence'],['46 836 km'],['10500'],['https://www.car-encheres.fr/wp-content/uploads/2025/06/FF-812-WQ_1-300x226.jpg'],['https://www.car-encheres.fr/produit/3008-1-2-thp130-gt-line-5p/'],['30/04/2019'],['GRIS']
['Citroen'],['C3 1.4 AIRDREAM 75 VITAMINE 5P'],['essence'],['152 295 km'],['600'],['https://www.car-encheres.fr/wp-content/uploads/2025/06/CM-743-EZ_1-300x226.jpg'],['https://www.car-encheres.fr/produit/c3-1-4-airdream-75-vitamine-5p/'],['25/10/2012'],['Noir']
['Citroen'],['C3 AIRCROSS 1.2 THP 110 RIP CURL 5P'],['essence'],['89 445 km'],['5800'],['https://www.car-encheres.fr/wp-content/uploads/2025/06/FD-873-YJ_1-300x226.jpg'],['https://www.car-encheres.fr/produit/c3-aircross-1-2-thp-110-rip-curl-5p/'],['19/02/2019'],['GRIS']
['Citroen'],['C3 1.2 THP 110 SHINE 5P'],[''],['97 591 km'],['3400'],['https://www.car-encheres.fr/wp-content/uploads/2025/06/FT-123-HR_1-300x226.jpg'],['https://www.car-encheres.fr/produit/c3-1-2-thp-110-shine-5p/'],,['CREME']
['Citroen'],['C3 1.4 HDI AIRDREAM 70 BUSINESS 5P'],[''],['141 269 km'],['2000'],['https://www.car-encheres.fr/wp-content/uploads/2025/06/DC-069-PB_1-300x226.jpg'],['https://www.car-encheres.fr/produit/c3-1-4-hdi-airdream-70-business-5p/'],,['GRIS CLAIR']
['Citroen'],['C3 1.2 VTI 82 FEEL 5P'],['essence'],['82 023 km'],['3000'],['https://www.car-encheres.fr/wp-content/uploads/2025/06/EP-801-NX_1-300x226.jpg'],['https://www.car-encheres.fr/produit/c3-1-2-vti-82-feel-5p/'],['28/07/2017'],['Blanc']
['Citroen'],['C3 1.6 HDI 90 AIRPLAY 5P'],['gazole'],['305 746 km'],['400'],['https://www.car-encheres.fr/wp-content/uploads/2025/06/BK-836-VN_1-300x226.jpg'],['https://www.car-encheres.fr/produit/c3-1-6-hdi-90-airplay-5p/'],['23/03/2011'],['ROUGE']
['Citroen'],['C2 1.1 60 3P'],['essence'],['118 007 km'],['1400'],['https://www.car-encheres.fr/wp-content/uploads/2025/06/FN-408-CV_1-300x226.jpg'],['https://www.car-encheres.fr/produit/c2-1-1-60-3p/'],['19/12/2008'],['ROUGE']
['Citroen'],['C3 AIRCROSS 1.2 THP110 SHINE 5P'],['essence'],['90 298 km'],['5200'],['https://www.car-encheres.fr/wp-content/uploads/2025/06/FB-961-VW_1-300x226.jpg'],['https://www.car-encheres.fr/produit/c3-aircross-1-2-thp110-shine-5p/'],['16/11/2018'],['Blanc']
['Citroen'],['C1 1.0 68 ATTRACTION 5P'],['essence'],['99 428 km'],['1200'],['https://www.car-encheres.fr/wp-content/uploads/2025/06/BZ-304-WF_1-300x225.jpg'],['https://www.car-encheres.fr/produit/c1-1-0-68-attraction-5p/'],['03/01/2012'],['Blanc']
['Citroen'],['BERLINGO VAN 1.5 BLUEHDI 100 STE CLUB'],['gazole'],['78 705 km'],['8400'],['https://www.car-encheres.fr/wp-content/uploads/2025/06/FQ-035-QW_1-300x226.jpg'],['https://www.car-encheres.fr/produit/berlingo-van-1-5-bluehdi-100-ste-club/'],['19/06/2020'],['Blanc']
['AUDI'],['A3 SPORTBACK 1.2 TFSI 105 ATTRACTION 5P'],['essence'],['146 634 km'],['4000'],['https://www.car-encheres.fr/wp-content/uploads/2025/06/FD-608-RZ_1-300x226.jpg'],['https://www.car-encheres.fr/produit/a3-sportback-1-2-tfsi-105-attraction-5p/'],['30/09/2010'],['Noir']
['Citroen'],['BERLINGO 1.6 BLUEHDI 100 STE CLUB'],['gazole'],['149 065 km'],['7000'],['https://www.car-encheres.fr/wp-content/uploads/2025/06/FG-940-JD_1-300x226.jpg'],['https://www.car-encheres.fr/produit/berlingo-1-6-bluehdi-100-ste-club/'],['22/05/2019'],['Blanc']
['Peugeot'],['3008 BLUEHDI 130 ACTIVE BUSINESS BA 5P'],['gazole'],['105 799 km'],[''],['https://www.car-encheres.fr/wp-content/uploads/2025/06/FW-112-HZ_1-300x226.jpg'],['https://www.car-encheres.fr/produit/3008-bluehdi-130-active-business-ba-5p/'],['07/01/2021'],['Noir']
['Peugeot'],['308 1.6 HDI 110 NAVTEQ 5P'],['gazole'],['150 201 km'],['2200'],['https://www.car-encheres.fr/wp-content/uploads/2025/06/AD-134-FD_1-300x225.jpg'],['https://www.car-encheres.fr/produit/308-1-6-hdi-110-navteq-5p/'],['02/10/2009'],['GRIS FONCE']
['TOYOTA'],['AYGO 1.0 VVT-I 68 CONFORT 3P'],[''],['199 156 km'],[''],['https://www.car-encheres.fr/wp-content/uploads/woocommerce-placeholder.png'],['https://www.car-encheres.fr/produit/aygo-1-0-vvt-i-68-confort-3p/'],,['GRIS CLAIR']
['Peugeot'],['607 2.7 HDI 204 FELINE BA 4P'],['gazole'],['220 127 km'],['800'],['https://www.car-encheres.fr/wp-content/uploads/woocommerce-placeholder.png'],['https://www.car-encheres.fr/produit/607-2-7-hdi-204-feline-ba-4p/'],['03/10/2007'],['GRIS FONCE']
['Citroen'],['C4 CACTUS 1.2 VTI 82 LIVE 5P'],['essence'],['148 112 km'],['3000'],['https://www.car-encheres.fr/wp-content/uploads/2025/06/EX-614-FY_1-300x226.jpg'],['https://www.car-encheres.fr/produit/c4-cactus-1-2-vti-82-live-5p/'],['14/05/2018'],['GRIS FONCE']
['Citroen'],['C4 CACTUS 1.2 THP110 ORIGINS 5P'],['essence'],['62 663 km'],['7000'],['https://www.car-encheres.fr/wp-content/uploads/2025/06/FM-246-HY_1-300x226.jpg'],['https://www.car-encheres.fr/produit/c4-cactus-1-2-thp110-origins-5p/'],['16/12/2019'],['GRIS CLAIR']
['Peugeot'],['3008 1.6 BLUEHDI 120 ALLURE 5P'],[''],['122 887 km'],['4600'],['https://www.car-encheres.fr/wp-content/uploads/woocommerce-placeholder.png'],['https://www.car-encheres.fr/produit/3008-1-6-bluehdi-120-allure-5p/'],,['GRIS FONCE']
['Citroen'],['C4 1.6 HDI 90 CONFORT 5P'],['gazole'],['166 511 km'],['2000'],['https://www.car-encheres.fr/wp-content/uploads/2025/06/CC-704-HF_1-300x225.jpg'],['https://www.car-encheres.fr/produit/c4-1-6-hdi-90-confort-5p/'],['06/03/2012'],['OR']
['Citroen'],['C3 PICASSO 1.6 HDI 90 EXCLUSIVE 5P'],['gazole'],['km'],['4800'],['https://www.car-encheres.fr/wp-content/uploads/2025/06/BR-078-XS_1-300x226.jpg'],['https://www.car-encheres.fr/produit/c3-picasso-1-6-hdi-90-exclusive-5p/'],['25/07/2011'],['OR']
['DACIA'],['DUSTER 1.5 DCI 110 CONFORT 4X4 5P'],['gazole'],['145 241 km'],['7200'],['https://www.car-encheres.fr/wp-content/uploads/2025/06/EW-824-AQ_1-300x225.jpg'],['https://www.car-encheres.fr/produit/duster-1-5-dci-110-confort-4x4-5p/'],['26/03/2018'],['Blanc']
['DACIA'],['DUSTER 1.5 DCI 90 LAUREATE 2 4X2 5P'],['gazole'],['116 711 km'],['4400'],['https://www.car-encheres.fr/wp-content/uploads/2025/06/CN-829-PS_1-300x226.jpg'],['https://www.car-encheres.fr/produit/duster-1-5-dci-90-laureate-2-4x2-5p/'],['05/12/2012'],['Blanc']
['Citroen'],['E-MEHARI 68 BA'],['Électrique'],['12 867 km'],['2400'],['https://www.car-encheres.fr/wp-content/uploads/2025/06/EB-081-QB_1-300x226.jpg'],['https://www.car-encheres.fr/produit/e-mehari-68-ba/'],['25/04/2016'],['ROUGE']
['Citroen'],['DS3 1.2 THP 110 SO CHIC 3P'],['essence'],['57 089 km'],['6000'],['https://www.car-encheres.fr/wp-content/uploads/2025/06/FA-791-HZ_1-300x225.jpg'],['https://www.car-encheres.fr/produit/ds3-1-2-thp-110-so-chic-3p/'],['13/09/2018'],['GRIS CLAIR']
['Citroen'],['DS4 1.6 E-HDI 115 SO CHIC 5P'],['gazole'],['168 631 km'],['4800'],['https://www.car-encheres.fr/wp-content/uploads/2025/06/CM-492-TL_1-300x226.jpg'],['https://www.car-encheres.fr/produit/ds4-1-6-e-hdi-115-so-chic-5p/'],['12/11/2012'],['Noir']
['DACIA'],['DUSTER 1.5 DCI 110 STE PRESTIGE 4X4 5P'],['gazole'],['63 527 km'],['9500'],['https://www.car-encheres.fr/wp-content/uploads/2025/06/FF-150-GE_1-300x226.jpg'],['https://www.car-encheres.fr/produit/duster-1-5-dci-110-ste-prestige-4x4-5p/'],['16/06/2018'],['GRIS FONCE']
['DACIA'],['DUSTER 1.2 TCE 125 PRESTIGE 4X2'],['essence'],['57 101 km'],['7400'],['https://www.car-encheres.fr/wp-content/uploads/2025/06/EZ-701-AX_1-300x226.jpg'],['https://www.car-encheres.fr/produit/duster-1-2-tce-125-prestige-4x2/'],['13/07/2018'],['Bleu foncé']
['LAND ROVER'],['EVOQUE COUPE MARK 2.2 SD4 190 PURE BA'],['gazole'],['105 543 km'],['9500'],['https://www.car-encheres.fr/wp-content/uploads/2025/06/DD-712-PS_1-300x226.jpg'],['https://www.car-encheres.fr/produit/evoque-coupe-mark-2-2-sd4-190-pure-ba/'],['28/02/2013'],['Noir']
['Renault'],['CLIO IV 1.2 16V 75 LIMITED 5P'],['essence'],['43 210 km'],['5600'],['https://www.car-encheres.fr/wp-content/uploads/woocommerce-placeholder.png'],['https://www.car-encheres.fr/produit/clio-iv-1-2-16v-75-limited-5p/'],['15/02/2017'],['Blanc']
['Renault'],['CLIO IV 1.2 16V 75 AUTHENTIQUE 5P'],[''],['81 975 km'],['3000'],['https://www.car-encheres.fr/wp-content/uploads/2025/06/CN-525-LH_1-300x226.jpg'],['https://www.car-encheres.fr/produit/clio-iv-1-2-16v-75-authentique-5p/'],,['Blanc']
['Renault'],['CLIO IV 0.9 TCE ENERGY 90 INTENS 5P'],['essence'],['46 160 km'],['6800'],['https://www.car-encheres.fr/wp-content/uploads/2025/06/FG-755-CD_1-300x226.jpg'],['https://www.car-encheres.fr/produit/clio-iv-0-9-tce-energy-90-intens-5p/'],['13/05/2019'],['ROUGE']
['FIAT'],['DOBLO CARGO MAXI 1.9 MJTD 105 STE'],['gazole'],['171 032 km'],[''],['https://www.car-encheres.fr/wp-content/uploads/woocommerce-placeholder.png'],['https://www.car-encheres.fr/produit/doblo-cargo-maxi-1-9-mjtd-105-ste/'],['16/08/2006'],['Blanc']
['LAND ROVER'],['DISCOVERY SPORT 2.0 TD4 150 SE MARK III'],['gazole'],['154 912 km'],['11000'],['https://www.car-encheres.fr/wp-content/uploads/2025/06/ES-373-NX_1-300x225.jpg'],['https://www.car-encheres.fr/produit/discovery-sport-2-0-td4-150-se-mark-iii/'],['07/12/2017'],['Noir']
['Renault'],['CLIO IV ESTATE 0.9 TCE 90 ENERGY LIMITED'],['essence'],['145 742 km'],['2800'],['https://www.car-encheres.fr/wp-content/uploads/2025/06/DK-794-TQ_1-300x226.jpg'],['https://www.car-encheres.fr/produit/clio-iv-estate-0-9-tce-90-energy-limited/'],['08/10/2014'],['Noir']
['OPEL'],['CORSA 1.4 TWINPORT 90 COSMO 5P'],['essence'],['122 671 km'],['1200'],['https://www.car-encheres.fr/wp-content/uploads/2025/06/BT-411-TK_1-300x226.jpg'],['https://www.car-encheres.fr/produit/corsa-1-4-twinport-90-cosmo-5p/'],['31/07/2007'],['BLEU CLAIR']
['MITSUBISHI'],['COLT CLEAR TEC 1.1 75 3P'],['essence'],['187 622 km'],['1200'],['https://www.car-encheres.fr/wp-content/uploads/2025/06/AC-389-GJ_1-300x225.jpg'],['https://www.car-encheres.fr/produit/colt-clear-tec-1-1-75-3p/'],['03/08/2009'],['Blanc']
['Peugeot'],['EXPERT STD 1.5 BLUEHDI 120 STE ASPHALT'],['gazole'],['98 172 km'],['9500'],['https://www.car-encheres.fr/wp-content/uploads/2025/06/FL-940-KV_1-300x226.jpg'],['https://www.car-encheres.fr/produit/expert-std-1-5-bluehdi-120-ste-asphalt/'],['07/11/2019'],['GRIS CLAIR']
['FORD'],['FOCUS 1.6 100 3P'],['essence'],['176 356 km'],['400'],['https://www.car-encheres.fr/wp-content/uploads/2025/06/BK-722-MF_1-300x226.jpg'],['https://www.car-encheres.fr/produit/focus-1-6-100-3p/'],['16/08/2000'],['GRIS CLAIR']
['Peugeot'],['EXPERT STD1.5 BLUEHDI 100 STE PREMIUM'],['gazole'],['128 374 km'],['9500'],['https://www.car-encheres.fr/wp-content/uploads/2025/06/GA-465-FE_1-300x226.jpg'],['https://www.car-encheres.fr/produit/expert-std1-5-bluehdi-100-ste-premium/'],['24/06/2021'],['Blanc']
['Peugeot'],['EXPERT STD 1.6 BLUEHDI 115 STE PRO'],['gazole'],['98 175 km'],['8200'],['https://www.car-encheres.fr/wp-content/uploads/2025/06/ED-969-BL_1-300x226.jpg'],['https://www.car-encheres.fr/produit/expert-std-1-6-bluehdi-115-ste-pro/'],['15/06/2016'],['Blanc']
['Renault'],['CLIO III 1.5 DCI 85 PRIVILEGE 5P'],[''],['236 350 km'],['600'],['https://www.car-encheres.fr/wp-content/uploads/woocommerce-placeholder.png'],['https://www.car-encheres.fr/produit/clio-iii-1-5-dci-85-privilege-5p/'],,['OR']
['Renault'],['MEGANE III 1.9 DCI 130 DYNAMIQUE 5P'],['gazole'],['111 750 km'],['2600'],['https://www.car-encheres.fr/wp-content/uploads/2025/06/CZ-713-CA_1-300x225.jpg'],['https://www.car-encheres.fr/produit/megane-iii-1-9-dci-130-dynamique-5p/'],['19/11/2008'],['ROUGE']
['Renault'],['MEGANE III CC 1.9 DCI 130 DYNAMIQUE'],[''],['143 960 km'],['1800'],['https://www.car-encheres.fr/wp-content/uploads/2025/06/CE-635-GY_1-300x226.jpg'],['https://www.car-encheres.fr/produit/megane-iii-cc-1-9-dci-130-dynamique/'],,['Noir']
['Mini'],['MINI 1.6 90 ONE PACK'],['essence'],['km'],[''],['https://www.car-encheres.fr/wp-content/uploads/woocommerce-placeholder.png'],['https://www.car-encheres.fr/produit/mini-1-6-90-one-pack/'],['17/06/1992'],
['NISSAN'],['MICRA 1.0 65 BLOG 3P'],['essence'],['77 056 km'],['1800'],['https://www.car-encheres.fr/wp-content/uploads/2025/06/DE-767-LK_1-300x226.jpg'],['https://www.car-encheres.fr/produit/micra-1-0-65-blog-3p/'],['13/07/2004'],['GRIS']
['Renault'],['MEGANE III 1.5 DCI 95 LIFE 5P'],['gazole'],['177 496 km'],['1800'],['https://www.car-encheres.fr/wp-content/uploads/2025/06/DD-399-AM_1-300x226.jpg'],['https://www.car-encheres.fr/produit/megane-iii-1-5-dci-95-life-5p/'],['12/02/2014'],['Blanc']
['Renault'],['MEGANE IV 1.5 BLUE DCI 115 STE AIR NAV'],['gazole'],['225 885 km'],['2400'],['https://www.car-encheres.fr/wp-content/uploads/2025/06/FB-156-YM_1-300x226.jpg'],['https://www.car-encheres.fr/produit/megane-iv-1-5-blue-dci-115-ste-air-nav/'],['21/12/2018'],['Blanc']
['NISSAN'],['MICRA 1.4 88 MUST 5P'],[''],['234 677 km'],['600'],['https://www.car-encheres.fr/wp-content/uploads/woocommerce-placeholder.png'],['https://www.car-encheres.fr/produit/micra-1-4-88-must-5p/'],,['BLEU GRIS']
['Renault'],['MEGANE III 1.5 DCI 95 LIFE 5P'],['gazole'],['133 436 km'],['3600'],['https://www.car-encheres.fr/wp-content/uploads/2025/06/DD-975-ND_1-300x225.jpg'],['https://www.car-encheres.fr/produit/megane-iii-1-5-dci-95-life-5p-2/'],['28/02/2014'],['Blanc']
['Renault'],['MEGANE I CAB 1.6 16V 107 PACK CLIM'],['essence'],['196 205 km'],['600'],['https://www.car-encheres.fr/wp-content/uploads/2025/06/BG-415-SC_1-300x226.jpg'],['https://www.car-encheres.fr/produit/megane-i-cab-1-6-16v-107-pack-clim/'],['26/02/2001'],['GRIS CLAIR']
['DACIA'],['LOGAN 1.5 DCI 90 LAUREATE 4P'],['gazole'],['170 613 km'],['1000'],['https://www.car-encheres.fr/wp-content/uploads/2025/06/CT-292-NZ_1-300x225.jpg'],['https://www.car-encheres.fr/produit/logan-1-5-dci-90-laureate-4p/'],['07/05/2013'],['GRIS']
['FORD'],['KUGA 2.0 TDCI 136 TITANIUM 4X4 5P'],['gazole'],['160 881 km'],['3200'],['https://www.car-encheres.fr/wp-content/uploads/woocommerce-placeholder.png'],['https://www.car-encheres.fr/produit/kuga-2-0-tdci-136-titanium-4x4-5p/'],['24/03/2009'],['GRIS FONCE']
['Renault'],['LATITUDE 3.0 DCI 240 INITIALE BA 4P'],['gazole'],['127 482 km'],['4200'],['https://www.car-encheres.fr/wp-content/uploads/2025/06/BG-144-LL_1-300x226.jpg'],['https://www.car-encheres.fr/produit/latitude-3-0-dci-240-initiale-ba-4p/'],['19/01/2011'],['GRIS CLAIR']
['FORD'],['KA 1.3 70 3P'],['essence'],['54 520 km'],['2000'],['https://www.car-encheres.fr/wp-content/uploads/2025/06/AY-582-ZE_1-300x226.jpg'],['https://www.car-encheres.fr/produit/ka-1-3-70-3p/'],['27/03/2008'],['ROUGE']
['FORD'],['KA 1.2 69 TITANIUM 5P'],['essence'],['126 350 km'],['1800'],['https://www.car-encheres.fr/wp-content/uploads/2025/06/BS-606-DA_1-300x226.jpg'],['https://www.car-encheres.fr/produit/ka-1-2-69-titanium-5p/'],['28/07/2011'],['Blanc']
['SSANGYONG'],['KORANDO 2.0 E-XDI 149 4X4 5P'],['gazole'],['177 999 km'],['4000'],['https://www.car-encheres.fr/wp-content/uploads/2025/06/EB-817-EN_1-300x226.jpg'],['https://www.car-encheres.fr/produit/korando-2-0-e-xdi-149-4x4-5p/'],['08/04/2016'],['Blanc']
['Renault'],['KANGOO 1.5 DCI 65'],['gazole'],['214 052 km'],['600'],['https://www.car-encheres.fr/wp-content/uploads/2025/06/89120BHH2006_1-300x226.jpg'],['https://www.car-encheres.fr/produit/kangoo-1-5-dci-65/'],['29/09/2004'],['Blanc']
['Mini'],['ROADSTER COOPER S 1.6 16V 184'],['essence'],['107 268 km'],['8400'],['https://www.car-encheres.fr/wp-content/uploads/2025/06/DB-758-XD_1-300x226.jpg'],['https://www.car-encheres.fr/produit/roadster-cooper-s-1-6-16v-184/'],['31/12/2013'],['GRIS FONCE']
['Renault'],['SCENIC 1.5 DCI 110 EXPRESSION 5P'],['gazole'],['207 469 km'],['2200'],['https://www.car-encheres.fr/wp-content/uploads/2025/06/BE-518-VQ_1-300x226.jpg'],['https://www.car-encheres.fr/produit/scenic-1-5-dci-110-expression-5p/'],['16/12/2010'],['Noir']
['NISSAN'],['QASHQAI 1.5 DCI 110 5P'],['gazole'],['147 551 km'],['6000'],['https://www.car-encheres.fr/wp-content/uploads/2025/06/EH-465-YG_1-300x226.jpg'],['https://www.car-encheres.fr/produit/qashqai-1-5-dci-110-5p/'],['28/12/2016'],['Noir']
['VOLKSWAGEN'],['POLO IV 1.4 TDI 70 CONCEPT 5P'],[''],['129 401 km'],['1200'],['https://www.car-encheres.fr/wp-content/uploads/2025/06/CM-621-RJ_1-300x226.jpg'],['https://www.car-encheres.fr/produit/polo-iv-1-4-tdi-70-concept-5p/'],,['GRIS CLAIR']
['Renault'],['SCENIC 1.9 DCI 130 EXPRESSION'],['gazole'],['179 646 km'],['2800'],['https://www.car-encheres.fr/wp-content/uploads/2025/06/AV-652-WC_1-300x226.jpg'],['https://www.car-encheres.fr/produit/scenic-1-9-dci-130-expression/'],['12/10/2006'],['Noir']
['Peugeot'],['PARTNER STD BLUEHDI 100 STE PREMIUM'],['gazole'],['64 394 km'],['7000'],['https://www.car-encheres.fr/wp-content/uploads/2025/06/FF-168-AK_1-300x226.jpg'],['https://www.car-encheres.fr/produit/partner-std-bluehdi-100-ste-premium/'],['28/03/2019'],['Blanc']
['NISSAN'],['NV 200 1.5 DCI 90 STE BUSINESS'],['gazole'],['116 640 km'],['5000'],['https://www.car-encheres.fr/wp-content/uploads/2025/06/DY-013-GV_1-300x226.jpg'],['https://www.car-encheres.fr/produit/nv-200-1-5-dci-90-ste-business/'],['18/12/2015'],['Blanc']
['VOLSWAGEN'],['POLO 1.2 TDI 75 CONCEPT 3P'],['gazole'],['64 157 km'],['5000'],['https://www.car-encheres.fr/wp-content/uploads/woocommerce-placeholder.png'],['https://www.car-encheres.fr/produit/polo-1-2-tdi-75-concept-3p/'],['11/01/2013'],['Noir']
['KIA'],['PICANTO 1.0 62 MOTION 5P'],[''],['100 110 km'],['600'],['https://www.car-encheres.fr/wp-content/uploads/woocommerce-placeholder.png'],['https://www.car-encheres.fr/produit/picanto-1-0-62-motion-5p/'],,['GRIS CLAIR']
['Citroen'],['JUMPY 1.5 BLUEHDI 120 STE CLUB'],['gazole'],['86 207 km'],['10000'],['https://www.car-encheres.fr/wp-content/uploads/2025/06/FY-206-QT_1-300x226.jpg'],['https://www.car-encheres.fr/produit/jumpy-1-5-bluehdi-120-ste-club/'],['19/04/2021'],['Blanc']
['Citroen'],['JUMPER 33MH 2.0 HDI MINIBUS'],['gazole'],['131 068 km'],['3800'],['https://www.car-encheres.fr/wp-content/uploads/2025/06/37220AYA2044_1-300x226.jpg'],['https://www.car-encheres.fr/produit/jumper-33mh-2-0-hdi-minibus/'],['07/08/2002'],['Blanc']
['SUZUKI'],['IGNIS 1.3 DDIS 70 SERIE SPECIALE 5P'],['gazole'],['192 236 km'],['400'],['https://www.car-encheres.fr/wp-content/uploads/2025/06/85820BKV2006_1-300x226.jpg'],['https://www.car-encheres.fr/produit/ignis-1-3-ddis-70-serie-speciale-5p/'],['04/01/2005'],['Blanc']
['SEAT'],['IBIZA 1.4 TDI 70 FRESH 3P'],['gazole'],['115 010 km'],['1200'],['https://www.car-encheres.fr/wp-content/uploads/2025/06/DY-189-HM_1-300x226.jpg'],['https://www.car-encheres.fr/produit/ibiza-1-4-tdi-70-fresh-3p/'],['23/12/2005'],['ROUGE']
['VOLKSWAGEN'],['GOLF VI 1.6 TDI 105 CONFORTLINE 5P'],['gazole'],['194 344 km'],['4200'],['https://www.car-encheres.fr/wp-content/uploads/2025/06/BV-246-AK_1-300x226.jpg'],['https://www.car-encheres.fr/produit/golf-vi-1-6-tdi-105-confortline-5p/'],['15/09/2011'],['Blanc']
['VOLKSWAGEN'],['GOLF V 2.0 16S TFSI 200 GTI 3P'],['essence'],['131 634 km'],['4400'],['https://www.car-encheres.fr/wp-content/uploads/2025/06/GV-372-VR_1-300x225.jpg'],['https://www.car-encheres.fr/produit/golf-v-2-0-16s-tfsi-200-gti-3p/'],['05/01/2007'],['Noir']
['VOLKSWAGEN'],['GOLF CAB 1.6 TDI 105 2P'],['gazole'],['115 401 km'],['5000'],['https://www.car-encheres.fr/wp-content/uploads/2025/06/CG-815-ME_1-300x226.jpg'],['https://www.car-encheres.fr/produit/golf-cab-1-6-tdi-105-2p/'],['31/08/2011'],['GRIS CLAIR']
['VOLKSWAGEN'],['GOLF 1.9 TDI 90 TRENDLINE 3P'],['gazole'],['132 612 km'],['1000'],['https://www.car-encheres.fr/wp-content/uploads/2025/06/CC-381-KP_1-300x226.jpg'],['https://www.car-encheres.fr/produit/golf-1-9-tdi-90-trendline-3p/'],['21/08/2008'],['Noir']
['MERCEDES'],['CLASSE C COUPE 200 CDI 2P'],['gazole'],['163 810 km'],['2400'],['https://www.car-encheres.fr/wp-content/uploads/2025/06/50720CCS2006_1-300x226.jpg'],['https://www.car-encheres.fr/produit/classe-c-coupe-200-cdi-2p/'],['06/01/2005'],['GRIS']
['Renault'],['CLIO CAMPUS 1.5 DCI 68 STE'],['gazole'],['288 522 km'],['1000'],['https://www.car-encheres.fr/wp-content/uploads/2025/06/AR-214-XR_1-300x226.jpg'],['https://www.car-encheres.fr/produit/clio-campus-1-5-dci-68-ste/'],['13/01/2006'],['Blanc']
['Renault'],['CLIO CAMPUS 1.2 58 AUTHENTIQUE GPL 5P'],['gpl'],['65 548 km'],['1800'],['https://www.car-encheres.fr/wp-content/uploads/woocommerce-placeholder.png'],['https://www.car-encheres.fr/produit/clio-campus-1-2-58-authentique-gpl-5p/'],['12/12/2008'],['Blanc']
['VOLKSWAGEN'],['GOLF 1.6 TDI 105 BLUEMOTION CONFORTLINE'],['gazole'],['225 532 km'],['4400'],['https://www.car-encheres.fr/wp-content/uploads/2025/06/DP-688-FW_1-300x226.jpg'],['https://www.car-encheres.fr/produit/golf-1-6-tdi-105-bluemotion-confortline/'],['23/02/2015'],['Blanc']
['Renault'],['GD MODUS 1.5 DCI 90 DYNAMIQUE 5P'],['gazole'],['166 342 km'],['600'],['https://www.car-encheres.fr/wp-content/uploads/2025/06/CT-769-TB_1-300x226.jpg'],['https://www.car-encheres.fr/produit/gd-modus-1-5-dci-90-dynamique-5p/'],['16/03/2012'],['GRIS CLAIR']
['FORD'],['FOCUS 1.6 TDCI 115 TITANIUM 5P'],['gazole'],['228 307 km'],['1400'],['https://www.car-encheres.fr/wp-content/uploads/2025/06/E2037420MC_1-300x226.jpg'],['https://www.car-encheres.fr/produit/focus-1-6-tdci-115-titanium-5p/'],['28/04/2011'],['ROUGE']
['Renault'],['CLIO III 1.2 16V 75 AUTHENTIQUE GPL 3P'],['gpl'],['90 510 km'],['1400'],['https://www.car-encheres.fr/wp-content/uploads/2025/06/BC-595-RB_1-300x225.jpg'],['https://www.car-encheres.fr/produit/clio-iii-1-2-16v-75-authentique-gpl-3p/'],['04/11/2010'],['ROUGE']
['MERCEDES'],['CLASSE B 180 2.0 CDI 109 5P'],['gazole'],['172 310 km'],['1200'],['https://www.car-encheres.fr/wp-content/uploads/2025/06/FQ-754-VM-300x225.jpg'],['https://www.car-encheres.fr/produit/classe-b-180-2-0-cdi-109-5p/'],['14/05/2007'],['GRIS CLAIR']
['TOYOTA'],['VERSO S 1.3 VVT-I 100 DYNAMIC 5P'],['essence'],['91 238 km'],['2600'],['https://www.car-encheres.fr/wp-content/uploads/2025/06/BZ-641-MT_1-300x225.jpg'],['https://www.car-encheres.fr/produit/verso-s-1-3-vvt-i-100-dynamic-5p/'],['27/12/2011'],['Blanc']
['Renault'],['TWINGO II 1.2 60 ACCESS 3P'],['essence'],['131 387 km'],['600'],['https://www.car-encheres.fr/wp-content/uploads/woocommerce-placeholder.png'],['https://www.car-encheres.fr/produit/twingo-ii-1-2-60-access-3p/'],['09/09/2008'],['ROUGE']
['Renault'],['VELSATIS 2.2 DCI 140 PRIVILEGE PROACTIVE'],['gazole'],['179 010 km'],['400'],['https://www.car-encheres.fr/wp-content/uploads/2025/06/DA-313-SR_1-300x226.jpg'],['https://www.car-encheres.fr/produit/velsatis-2-2-dci-140-privilege-proactive/'],['29/08/2007'],['GRIS CLAIR']
['VOLKSWAGEN'],['UP 1.0 75 UP! BEATS AUDIO'],['essence'],['70 161 km'],['5400'],['https://www.car-encheres.fr/wp-content/uploads/2025/06/EW-036-TC_1-300x226.jpg'],['https://www.car-encheres.fr/produit/up-1-0-75-up-beats-audio/'],['20/04/2018'],['Noir']
['Renault'],['TWINGO 1.5 DCI 75 RIP CURL'],['gazole'],['115 000 km'],['1400'],['https://www.car-encheres.fr/wp-content/uploads/2025/06/BJ-844-HA_1-300x226.jpg'],['https://www.car-encheres.fr/produit/twingo-1-5-dci-75-rip-curl/'],['23/02/2011'],['Blanc']
['TOYOTA'],['YARIS II 1.0 VVT-I 68 5P'],[''],['93 156 km'],['1400'],['https://www.car-encheres.fr/wp-content/uploads/2025/06/EF-159-TC_1-300x226.jpg'],['https://www.car-encheres.fr/produit/yaris-ii-1-0-vvt-i-68-5p/'],,['Noir']
['Renault'],['TWINGO II 1.2 16V 75 NOKIA 3P'],['essence'],['129 018 km'],['1600'],['https://www.car-encheres.fr/wp-content/uploads/2025/06/AL-865-ED_1-300x226.jpg'],['https://www.car-encheres.fr/produit/twingo-ii-1-2-16v-75-nokia-3p/'],['20/02/2008'],['Blanc']
['Renault'],['TRAFIC 1.6 DCI 125 ENERGY STE GD CONFORT'],['gazole'],['194 550 km'],['6000'],['https://www.car-encheres.fr/wp-content/uploads/2025/06/EN-557-SK_1-300x226.jpg'],['https://www.car-encheres.fr/produit/trafic-1-6-dci-125-energy-ste-gd-confort/'],['28/06/2017'],['Blanc']
['Renault'],['TRAFIC 1.6 DCI 120 STE GD CFT L1H1'],['gazole'],['211 948 km'],['5400'],['https://www.car-encheres.fr/wp-content/uploads/2025/06/EE-226-HE_1-300x226.jpg'],['https://www.car-encheres.fr/produit/trafic-1-6-dci-120-ste-gd-cft-l1h1/'],['29/07/2016'],['Blanc']
['VOLKSWAGEN'],['TOURAN 1.2 TSI 105 LIFE'],['essence'],['112 975 km'],['6000'],['https://www.car-encheres.fr/wp-content/uploads/2025/06/CS-594-KH_1-300x226.jpg'],['https://www.car-encheres.fr/produit/touran-1-2-tsi-105-life/'],['03/04/2013'],['Noir']
['VOLKSWAGEN'],['TOURAN 2.0 TDI 122 LOUNGE BUSINESS'],['gazole'],['70 184 km'],['13000'],['https://www.car-encheres.fr/wp-content/uploads/2025/06/GD-617-XF_1-300x226.jpg'],['https://www.car-encheres.fr/produit/touran-2-0-tdi-122-lounge-business/'],['30/12/2021'],['GRIS FONCE']
['Renault'],['SCENIC IV 1.2 TCE130 ENERGY EDITION ONE'],['essence'],['68 798 km'],['9000'],['https://www.car-encheres.fr/wp-content/uploads/2025/06/EJ-045-LT_1-300x225.jpg'],['https://www.car-encheres.fr/produit/scenic-iv-1-2-tce130-energy-edition-one/'],['23/01/2017'],['BORDEAUX']
['Renault'],['SCENIC III 1.5 DCI 110 PRIVILEGE EURO 5'],[''],['172 922 km'],['1600'],['https://www.car-encheres.fr/wp-content/uploads/woocommerce-placeholder.png'],['https://www.car-encheres.fr/produit/scenic-iii-1-5-dci-110-privilege-euro-5/'],,['Blanc']
['Renault'],['SCENIC III 1.9 DCI 130 JADE 5P'],['gazole'],['204 880 km'],['2000'],['https://www.car-encheres.fr/wp-content/uploads/2025/06/AC-203-VR_1-300x226.jpg'],['https://www.car-encheres.fr/produit/scenic-iii-1-9-dci-130-jade-5p/'],['12/09/2009'],['GRIS FONCE']
['Citroen'],['C4 PICASSO 1.6 HDI 110 PACK DYNAMIQUE'],['gazole'],['km'],['600'],['https://www.car-encheres.fr/wp-content/uploads/woocommerce-placeholder.png'],['https://www.car-encheres.fr/produit/c4-picasso-1-6-hdi-110-pack-dynamique/'],['19/11/2008'],
['OPEL'],['ZAFIRA 1.7 CDTI 125 CONNECT PACK 5P'],['gazole'],['161 213 km'],['2000'],['https://www.car-encheres.fr/wp-content/uploads/2025/06/BZ-035-NX_1-300x226.jpg'],['https://www.car-encheres.fr/produit/zafira-1-7-cdti-125-connect-pack-5p/'],['27/12/2011'],['GRIS FONCE']
['Citroen'],['C4 PICASSO 1.6 E-HDI 115 EXCLUSIVE 5P'],['gazole'],['143 812 km'],['4200'],['https://www.car-encheres.fr/wp-content/uploads/2025/06/DB-212-BL_1-300x226.jpg'],['https://www.car-encheres.fr/produit/c4-picasso-1-6-e-hdi-115-exclusive-5p/'],['04/12/2013'],['GRIS FONCE']
['BMW'],['Z4 ROADSTER 2.0 150 2P'],['essence'],['189 261 km'],['5400'],['https://www.car-encheres.fr/wp-content/uploads/2025/06/AK-328-XZ_1-300x226.jpg'],['https://www.car-encheres.fr/produit/z4-roadster-2-0-150-2p/'],['07/03/2008'],['GRIS FONCE']
